animal_id,species,sex,place,date,age_y,rvf,vnt_titre,pattern,numbleeds,seroconverted
37994,bovine,f,1,21jun2016,6,1,,1.............,1,
38005,bovine,f,1,21jun2016,6,0,,01............,2,1
38005,bovine,f,1,17nov2016,6.4082192,1,10,01............,2,1
38008,bovine,f,1,21jun2016,9,0,,0.............,1,
72864,bovine,f,1,21jun2016,2,0,,0.............,1,
72876,bovine,f,1,21jun2016,5,0,,0.............,1,
72879,bovine,f,1,21jun2016,5,0,,0.............,1,
72915,bovine,f,1,21jun2016,4,0,,0.............,1,
J39SM,bovine,m,1,21jun2016,6,0,,0.............,1,
39842,bovine,f,1,21jun2016,5,1,20,1.............,1,
39843h,bovine,f,1,21jun2016,6,0,,0.............,1,
39856,bovine,f,1,21jun2016,4,1,28,1.............,1,
73604,bovine,f,1,21jun2016,8,0,,0.............,1,
73645,bovine,f,1,21jun2016,5,1,,1.............,1,
73649,bovine,f,1,21jun2016,6,0,,0.............,1,
37857,bovine,f,1,02may2017,5,1,640,.....1........,1,
37949,bovine,f,1,02may2017,6,1,20,.....1........,1,
37952,bovine,f,1,02may2017,10,1,640,.....1........,1,
37954,bovine,f,1,02may2017,6,1,20,.....1........,1,
37956,bovine,f,1,02may2017,6,1,40,.....1........,1,
37972,bovine,f,1,02may2017,5,1,10,.....1.1......,2,
37972,bovine,f,1,24aug2017,5.3123288,1,10,.....1.1......,2,
37973,bovine,f,1,02may2017,4,0,,.....0.0......,2,0
37973,bovine,f,1,24aug2017,4.3123288,0,,.....0.0......,2,0
37974,bovine,f,1,02may2017,6,1,20,.....1........,1,
37979,bovine,m,1,02may2017,5,0,,.....0.0......,2,0
37979,bovine,m,1,24aug2017,5.3123288,0,,.....0.0......,2,0
37981,bovine,f,1,02may2017,9,1,10,.....1........,1,
38989,bovine,f,1,02may2017,14,1,80,.....1........,1,
39909,bovine,f,1,21jun2016,2,0,,0.............,1,
40771,bovine,f,1,21jun2016,4,1,28,1.............,1,
78602,bovine,f,1,21jun2016,3,0,,0.............,1,
38713,bovine,m,1,21jun2016,5,0,,0.............,1,
38715,bovine,f,1,21jun2016,4,1,,1.............,1,
38719,bovine,f,1,21jun2016,6,0,,0.............,1,
38720,bovine,f,1,21jun2016,2,0,,0.............,1,
73090,bovine,f,1,21jun2016,5,0,,0.............,1,
73131,bovine,f,1,21jun2016,6,0,,0.............,1,
73132,bovine,f,1,21jun2016,2,0,,0.............,1,
73135,bovine,f,1,21jun2016,8,0,,0.............,1,
38509,bovine,f,1,21jun2016,8,0,,01............,2,1
38509,bovine,f,1,17nov2016,8.4082192,1,40,01............,2,1
38525,bovine,f,1,21jun2016,4,0,,01............,2,1
38525,bovine,f,1,17nov2016,4.4082192,1,10,01............,2,1
39591,bovine,f,1,21jun2016,6,0,,0.............,1,
39603h,bovine,f,1,21jun2016,6,1,14,1.............,1,
39605,bovine,f,1,21jun2016,5,0,,01............,2,1
39605,bovine,f,1,17nov2016,5.4082192,1,40,01............,2,1
11608,bovine,f,1,21jun2016,10,0,,0.............,1,
11870,bovine,f,1,21jun2016,3,1,,1.............,1,
17243,bovine,f,1,21jun2016,5,0,,0.............,1,
73224,bovine,f,1,21jun2016,6,0,,0.............,1,
73225,bovine,f,1,21jun2016,5,0,,0.............,1,
73227,bovine,f,1,21jun2016,4,1,,1.............,1,
73239,bovine,f,1,21jun2016,4,0,,0.............,1,
94726,bovine,m,1,21jun2016,4,1,,1.............,1,
94732,bovine,f,1,21jun2016,6,0,,0.............,1,
94740,bovine,m,1,21jun2016,6,1,14,1.............,1,
94742,bovine,f,1,21jun2016,6,1,,1.............,1,
37846,bovine,f,1,02may2017,4,0,,.....0.1......,2,1
37846,bovine,f,1,24aug2017,4.3123288,1,80,.....0.1......,2,1
37849,bovine,f,1,02may2017,4,0,,.....0........,1,
37850,bovine,f,1,02may2017,4,1,640,.....1........,1,
37855,bovine,f,1,02may2017,6,0,,.....0.0......,2,0
37855,bovine,f,1,24aug2017,6.3123288,0,,.....0.0......,2,0
37858,bovine,f,1,02may2017,6,0,,.....0.0......,2,0
37858,bovine,f,1,24aug2017,6.3123288,0,,.....0.0......,2,0
37860,bovine,f,1,02may2017,8,1,40,.....1........,1,
37861,bovine,f,1,02may2017,7,0,,.....0.0......,2,0
37861,bovine,f,1,24aug2017,7.3123288,0,,.....0.0......,2,0
37863,bovine,f,1,02may2017,7,1,160,.....1........,1,
38810,bovine,f,1,02may2017,6,0,,.....0........,1,
37870,bovine,f,1,21jun2016,5,1,,11............,2,
37870,bovine,f,1,17nov2016,5.4082192,1,80,11............,2,
37872,bovine,f,1,21jun2016,5,0,,00............,2,0
37872,bovine,f,1,17nov2016,5.4082192,0,,00............,2,0
37877,bovine,f,1,21jun2016,4,1,640,1.............,1,
37957,bovine,f,1,21jun2016,8,1,10,1.............,1,
37958,bovine,f,1,21jun2016,6,0,,01............,2,1
37958,bovine,f,1,17nov2016,6.4082192,1,40,01............,2,1
37959,bovine,f,1,21jun2016,6,0,,00...0........,3,0
37959,bovine,f,1,17nov2016,6.4082192,0,,00...0........,3,0
37959,bovine,f,1,02may2017,6.8630137,0,,00...0........,3,0
39641,bovine,f,1,21jun2016,5,1,,1.............,1,
38605,bovine,f,1,21jun2016,5,0,,0.............,1,
39907,bovine,f,1,21jun2016,7,1,,1.............,1,
38825,bovine,f,2,23jun2016,3,0,,0.............,1,
38936,bovine,f,2,23jun2016,4,0,,0.............,1,
38941,bovine,f,2,23jun2016,7,1,,1.............,1,
38916,bovine,f,2,23jun2016,4,0,,0.0...........,2,0
38916,bovine,f,2,19jan2017,4.5753425,0,,0.0...........,2,0
39516,bovine,f,2,23jun2016,6,1,640,1.............,1,
38801,bovine,f,2,23jun2016,4,0,,0.1...........,2,1
38801,bovine,f,2,19jan2017,4.5753425,1,40,0.1...........,2,1
39290,bovine,f,2,23jun2016,4,0,,0.............,1,
39291,bovine,f,2,23jun2016,5,0,,0.............,1,
39293,bovine,f,2,23jun2016,5,0,,0.............,1,
38861,bovine,f,2,23jun2016,5,0,,0.............,1,
38864,bovine,f,2,23jun2016,2,0,,0.............,1,
38871,bovine,f,2,23jun2016,4,0,,0.............,1,
27550,bovine,f,2,04may2017,7,0,,.....0........,1,
38803,bovine,f,2,04may2017,5,0,,.....0........,1,
78205,bovine,f,2,04may2017,10,0,,.....0........,1,
78207,bovine,f,2,04may2017,4,0,,.....0........,1,
78214,bovine,f,2,04may2017,4,0,,.....0........,1,
78216,bovine,f,2,04may2017,4,0,,.....0........,1,
78219,bovine,m,2,04may2017,8,0,,.....0........,1,
78222,bovine,f,2,04may2017,9,1,10,.....1........,1,
78233,bovine,f,2,04may2017,7,0,,.....0........,1,
78234,bovine,f,2,04may2017,8,0,,.....0........,1,
78242,bovine,f,2,04may2017,6,1,10,.....1........,1,
78244,bovine,f,2,04may2017,5,0,,.....0........,1,
9401,bovine,f,2,04may2017,5,1,160,.....1........,1,
Nkosazane,bovine,f,2,04may2017,4,0,,.....0........,1,
39333,bovine,f,2,23jun2016,6,0,,0.............,1,
38914,bovine,f,2,23jun2016,3,0,,0.............,1,
38922,bovine,f,2,23jun2016,4,0,,0.............,1,
38924,bovine,m,2,23jun2016,4,0,,0.............,1,
38970,bovine,f,2,23jun2016,6,0,,0.1...........,2,1
38970,bovine,f,2,19jan2017,6.5753425,1,20,0.1...........,2,1
38980,bovine,f,2,23jun2016,4,0,,0.............,1,
39046,bovine,f,2,23jun2016,3,0,,0.0...........,2,0
39046,bovine,f,2,19jan2017,3.5753425,0,,0.0...........,2,0
39002,bovine,f,2,23jun2016,5,0,,0.............,1,
39011,bovine,f,2,23jun2016,4,0,,0.............,1,
39017,bovine,f,2,23jun2016,6,1,640,1.............,1,
39226,bovine,f,2,23jun2016,3,0,,0.............,1,
39231,bovine,f,2,23jun2016,2,1,10,1.............,1,
39144,bovine,f,2,23jun2016,6,0,,0.............,1,
39146,bovine,f,2,23jun2016,6,0,,0.............,1,
39148,bovine,f,2,23jun2016,3,0,,0.............,1,
37967,bovine,f,2,23jun2016,3,0,,0.............,1,
38895,bovine,f,2,23jun2016,5,0,,0.............,1,
38897,bovine,f,2,23jun2016,2,1,40,1.............,1,
38884,bovine,f,2,23jun2016,5,0,,0.0...........,2,0
38884,bovine,f,2,19jan2017,5.5753425,0,,0.0...........,2,0
38885,bovine,m,2,23jun2016,6,0,,0.............,1,
39550,bovine,f,2,23jun2016,6,1,160,1.............,1,
39269,bovine,f,2,23jun2016,7,0,,0.............,1,
39279,bovine,f,2,23jun2016,5,1,,1.............,1,
39280,bovine,f,2,23jun2016,3,0,,0.............,1,
39030,bovine,f,2,23jun2016,3,0,,0.............,1,
39038,bovine,m,2,23jun2016,3,0,,0.............,1,
70895,bovine,f,2,23jun2016,4,0,,0.0...........,2,0
70895,bovine,f,2,19jan2017,4.5753425,0,,0.0...........,2,0
M39MA05,bovine,f,2,23jun2016,8,0,,0.............,1,
39329,bovine,f,2,23jun2016,6,0,,0.............,1,
13194,bovine,f,2,23jun2016,5,0,,0.............,1,
13213,bovine,m,2,23jun2016,5,0,,0.0...........,2,0
13213,bovine,m,2,19jan2017,5.5753425,0,,0.0...........,2,0
13221,bovine,f,2,23jun2016,3,0,,0.1...........,2,1
13221,bovine,f,2,19jan2017,3.5753425,1,10,0.1...........,2,1
39019,bovine,f,2,23jun2016,4,1,640,1.............,1,
39022,bovine,m,2,23jun2016,5,1,,1.............,1,
39025,bovine,f,2,23jun2016,7,0,,0.............,1,
39117,bovine,f,2,23jun2016,6,0,,0.............,1,
39121,bovine,f,2,23jun2016,7,0,,0.............,1,
39129,bovine,f,2,23jun2016,3,0,,0.............,1,
28378,bovine,m,3,22jun2016,3,0,,0.............,1,
28397,bovine,f,3,22jun2016,5,1,640,11............,2,
28397,bovine,f,3,16nov2016,5.4027397,1,160,11............,2,
61554,bovine,m,3,22jun2016,4,0,,0.............,1,
61560,bovine,f,3,22jun2016,7,0,,00............,2,0
61560,bovine,f,3,16nov2016,7.4027397,0,,00............,2,0
wrong tag,bovine,f,3,22jun2016,4,0,,0.............,1,
28027,bovine,f,3,22jun2016,7,0,,0.............,1,
28040,bovine,m,3,22jun2016,3,0,,0.............,1,
5038,bovine,f,3,22jun2016,5,1,20,1.............,1,
6694,bovine,f,3,22jun2016,5,0,,0.............,1,
6699,bovine,f,3,22jun2016,6,0,,0.............,1,
70742,bovine,f,3,22jun2016,4,0,,0.............,1,
7575,bovine,f,3,22jun2016,3,0,,0.............,1,
7581,bovine,m,3,22jun2016,4,0,,00............,2,0
7581,bovine,m,3,16nov2016,4.4027397,0,,00............,2,0
28316,bovine,f,3,22jun2016,6,0,,00............,2,0
28316,bovine,f,3,16nov2016,6.4027397,0,,00............,2,0
28329,bovine,f,3,22jun2016,3,0,,0.............,1,
28185,bovine,m,3,22jun2016,2,0,,00............,2,0
28185,bovine,m,3,16nov2016,2.4027397,0,,00............,2,0
28187,bovine,m,3,22jun2016,3,0,,00............,2,0
28187,bovine,m,3,16nov2016,3.4027397,0,,00............,2,0
28198,bovine,f,3,22jun2016,5,0,,00............,2,0
28198,bovine,f,3,16nov2016,5.4027397,0,,00............,2,0
28432,bovine,f,3,22jun2016,3,1,40,1.............,1,
28436,bovine,f,3,22jun2016,6,0,,0.............,1,
32798,bovine,f,3,22jun2016,5,1,40,1.............,1,
37597,bovine,f,4,23jun2016,8,1,,1.............,1,
37693,bovine,f,4,23jun2016,7,0,,0.............,1,
37695,bovine,m,4,23jun2016,4,1,,1.............,1,
37700,bovine,m,4,23jun2016,4,0,,0.............,1,
37704,bovine,f,4,23jun2016,9,1,14,1.............,1,
37705,bovine,f,4,23jun2016,5,1,56,1.............,1,
37706,bovine,f,4,23jun2016,6,1,640,1.............,1,
37707,bovine,f,4,23jun2016,8,1,,1.............,1,
37709,bovine,f,4,23jun2016,6,1,,1.............,1,
37712,bovine,m,4,23jun2016,3,0,,0.............,1,
37715,bovine,f,4,23jun2016,6,1,28,1.............,1,
37719,bovine,f,4,23jun2016,5,1,10,1.............,1,
37720,bovine,f,4,23jun2016,4,1,640,1.............,1,
37721,bovine,m,4,23jun2016,4,0,,0.............,1,
37725,bovine,f,4,23jun2016,5,0,,0.............,1,
37727,bovine,f,4,23jun2016,3,0,,0.............,1,
37729,bovine,f,4,23jun2016,6,1,640,1.............,1,
39609,bovine,f,4,23jun2016,8,0,,0.............,1,
37799,bovine,f,4,23jun2016,5,1,,1.............,1,
37810,bovine,f,4,23jun2016,2,0,,0.............,1,
37816,bovine,f,4,23jun2016,3,0,,0.............,1,
37817,bovine,m,4,23jun2016,8,0,,0.............,1,
37825,bovine,f,4,23jun2016,3,0,,0.............,1,
37843,bovine,f,4,23jun2016,4,1,,1.............,1,
22484,bovine,f,4,23jun2016,5,0,,0.............,1,
22485,bovine,f,4,23jun2016,3,0,,0.............,1,
23203,bovine,f,4,23jun2016,6,0,,0.............,1,
M531,bovine,f,4,23jun2016,4,0,,0.............,1,
37507,bovine,f,4,23jun2016,2,0,,0.............,1,
37512,bovine,f,4,23jun2016,2,0,,0.............,1,
37646,bovine,f,4,23jun2016,4,0,,0.............,1,
37658,bovine,f,4,23jun2016,5,0,,0.............,1,
37572,bovine,f,4,23jun2016,4,1,,1.............,1,
37579,bovine,f,4,23jun2016,3,1,56,1.............,1,
37547,bovine,m,4,23jun2016,4,1,640,1.............,1,
37552,bovine,m,4,23jun2016,3,0,,0.............,1,
37561,bovine,f,4,23jun2016,8,1,640,1.............,1,
37563,bovine,f,4,23jun2016,2,1,,1.............,1,
37747,bovine,f,4,23jun2016,8,0,,0.............,1,
37976,bovine,f,4,23jun2016,4,1,640,1.............,1,
37985,bovine,f,4,23jun2016,6,0,,0.............,1,
37988,bovine,f,4,23jun2016,1.5,0,,0.............,1,
37624,bovine,f,4,23jun2016,4,1,,1.............,1,
37632,bovine,m,4,23jun2016,3,1,640,1.............,1,
37503,bovine,m,4,23jun2016,5,1,640,1.............,1,
37505,bovine,f,4,23jun2016,4,1,,1.............,1,
22037,bovine,f,4,23jun2016,8,0,,0.............,1,
22043,bovine,m,4,23jun2016,3,0,,0.............,1,
37680,bovine,f,4,23jun2016,4,0,,0.............,1,
37683,bovine,f,4,23jun2016,4,1,40,1.............,1,
8398,bovine,m,5,22jun2016,7,0,,00............,2,0
8398,bovine,m,5,16nov2016,7.4027397,0,,00............,2,0
8411,bovine,f,5,22jun2016,5,0,,0.............,1,
9346,bovine,f,5,22jun2016,7,0,,0000..........,4,0
9346,bovine,f,5,16nov2016,7.4027397,0,,0000..........,4,0
9346,bovine,f,5,18jan2017,7.5753425,0,0,0000..........,4,0
9346,bovine,f,5,15feb2017,7.6520548,0,,0000..........,4,0
9670,bovine,f,5,22jun2016,6,0,,0011..........,4,1
9670,bovine,f,5,16nov2016,6.4027397,0,,0011..........,4,1
9670,bovine,f,5,18jan2017,6.5753425,1,40,0011..........,4,1
9670,bovine,f,5,15feb2017,6.6520548,1,80,0011..........,4,1
9671,bovine,m,5,22jun2016,7,0,,0.00..........,3,0
9671,bovine,m,5,18jan2017,7.5753425,0,,0.00..........,3,0
9671,bovine,m,5,15feb2017,7.6520548,0,,0.00..........,3,0
8424,bovine,f,5,15feb2017,5,1,640,...1..........,1,
8442,bovine,f,5,15feb2017,4,0,,...01.........,2,1
8442,bovine,f,5,15mar2017,4.0767123,1,640,...01.........,2,1
8248,bovine,f,5,22jun2016,4,1,,1.............,1,
8258,bovine,f,5,22jun2016,3,0,,0.00..........,3,0
8258,bovine,f,5,18jan2017,3.5753425,0,,0.00..........,3,0
8258,bovine,f,5,15feb2017,3.6520548,0,,0.00..........,3,0
8261,bovine,m,5,15feb2017,5,0,,...0..........,1,
18555,bovine,m,5,22jun2016,4,0,,0.............,1,
8694,bovine,m,5,22jun2016,6,0,,0.0...........,2,0
8694,bovine,m,5,18jan2017,6.5753425,0,,0.0...........,2,0
8700,bovine,f,5,22jun2016,4,0,,0.0.0.........,3,0
8700,bovine,f,5,18jan2017,4.5753425,0,,0.0.0.........,3,0
8700,bovine,f,5,15mar2017,4.7287671,0,,0.0.0.........,3,0
9492,bovine,f,5,22jun2016,4,0,,00............,2,0
9492,bovine,f,5,16nov2016,4.4027397,0,,00............,2,0
10366,bovine,f,5,22jun2016,3,0,,0.0.....00...0,5,0
10366,bovine,f,5,18jan2017,3.5753425,0,,0.0.....00...0,5,0
10366,bovine,f,5,25oct2017,4.3424658,0,,0.0.....00...0,5,0
10366,bovine,f,5,06dec2017,4.4575342,0,,0.0.....00...0,5,0
10366,bovine,f,5,13jun2018,4.9753425,0,,0.0.....00...0,5,0
10413,bovine,m,5,22jun2016,6,1,30,1.............,1,
10415,bovine,f,5,22jun2016,4,0,,0....0.111....,5,1
10415,bovine,f,5,26apr2017,4.8438356,0,,0....0.111....,5,1
10415,bovine,f,5,23aug2017,5.169863,1,20,0....0.111....,5,1
10415,bovine,f,5,25oct2017,5.3424658,1,80,0....0.111....,5,1
10415,bovine,f,5,06dec2017,5.4575342,1,320,0....0.111....,5,1
no tag 2,bovine,m,5,22jun2016,5,0,,0.............,1,
8476,bovine,f,5,22jun2016,4,0,,000000..0.....,7,0
8476,bovine,f,5,16nov2016,4.4027397,0,,000000..0.....,7,0
8476,bovine,f,5,18jan2017,4.5753425,0,,000000..0.....,7,0
8476,bovine,f,5,15feb2017,4.6520548,0,,000000..0.....,7,0
8476,bovine,f,5,15mar2017,4.7287671,0,,000000..0.....,7,0
8476,bovine,f,5,26apr2017,4.8438356,0,,000000..0.....,7,0
8476,bovine,f,5,25oct2017,5.3424658,0,,000000..0.....,7,0
8482,bovine,f,5,22jun2016,3,0,,0.............,1,
9129,bovine,f,5,22jun2016,6,0,,000.0.........,4,0
9129,bovine,f,5,16nov2016,6.4027397,0,,000.0.........,4,0
9129,bovine,f,5,18jan2017,6.5753425,0,,000.0.........,4,0
9129,bovine,f,5,15mar2017,6.7287671,0,,000.0.........,4,0
9133,bovine,m,5,22jun2016,7,0,,011...........,3,1
9133,bovine,m,5,16nov2016,7.4027397,1,640,011...........,3,1
9133,bovine,m,5,18jan2017,7.5753425,1,640,011...........,3,1
9472,bovine,m,5,22jun2016,5,0,,00............,2,0
9472,bovine,m,5,16nov2016,5.4027397,0,,00............,2,0
9482,bovine,f,5,22jun2016,3,0,,0.............,1,
9853,bovine,f,5,22jun2016,7,1,640,11............,2,
9853,bovine,f,5,16nov2016,7.4027397,1,640,11............,2,
9857,bovine,m,5,22jun2016,3,0,,000...........,3,0
9857,bovine,m,5,16nov2016,3.4027397,0,,000...........,3,0
9857,bovine,m,5,18jan2017,3.5753425,0,,000...........,3,0
10472,bovine,f,5,22jun2016,4,0,,00000..1.1....,7,1
10472,bovine,f,5,16nov2016,4.4027397,0,,00000..1.1....,7,1
10472,bovine,f,5,18jan2017,4.5753425,0,,00000..1.1....,7,1
10472,bovine,f,5,15feb2017,4.6520548,0,,00000..1.1....,7,1
10472,bovine,f,5,15mar2017,4.7287671,0,,00000..1.1....,7,1
10472,bovine,f,5,23aug2017,5.169863,1,80,00000..1.1....,7,1
10472,bovine,f,5,06dec2017,5.4575342,1,320,00000..1.1....,7,1
18571,bovine,f,5,22jun2016,2,0,,0.000...1.....,5,1
18571,bovine,f,5,18jan2017,2.5753425,0,,0.000...1.....,5,1
18571,bovine,f,5,15feb2017,2.6520548,0,,0.000...1.....,5,1
18571,bovine,f,5,15mar2017,2.7287671,0,,0.000...1.....,5,1
18571,bovine,f,5,25oct2017,3.3424658,1,320,0.000...1.....,5,1
10143,bovine,m,5,22jun2016,6,1,,1.............,1,
8432,bovine,f,5,22jun2016,7,0,,0.1...........,2,1
8432,bovine,f,5,18jan2017,7.5753425,1,80,0.1...........,2,1
8627,bovine,f,5,22jun2016,7,0,,0.............,1,
no tag 1,bovine,m,5,22jun2016,5,0,,0.............,1,
8978,bovine,m,5,22jun2016,3,0,,0.............,1,
8982,bovine,f,5,22jun2016,4,1,160,1.............,1,
10227,bovine,f,5,22jun2016,7,0,,0.............,1,
10230,bovine,f,5,22jun2016,4,1,30,11............,2,
10230,bovine,f,5,16nov2016,4.4027397,1,10,11............,2,
10236,bovine,m,5,22jun2016,7,0,,01............,2,1
10236,bovine,m,5,16nov2016,7.4027397,1,224,01............,2,1
8859,bovine,m,5,15feb2017,4,0,,...00.........,2,0
8859,bovine,m,5,15mar2017,4.0767123,0,,...00.........,2,0
10469,bovine,f,5,15feb2017,4,1,10,...1..........,1,
8907,bovine,f,5,15feb2017,8,0,,...0..........,1,
9276,bovine,f,5,15feb2017,6,0,,...01.........,2,1
9276,bovine,f,5,15mar2017,6.0767123,1,56,...01.........,2,1
18568,bovine,m,5,26apr2017,7,0,,.....0.1......,2,1
18568,bovine,m,5,23aug2017,7.3260274,1,20,.....0.1......,2,1
18569,bovine,f,5,26apr2017,6,1,640,.....1........,1,
18576,bovine,f,5,15feb2017,4,0,,...001.1......,4,1
18576,bovine,f,5,15mar2017,4.0767123,0,,...001.1......,4,1
18576,bovine,f,5,26apr2017,4.1917808,1,20,...001.1......,4,1
18576,bovine,f,5,23aug2017,4.5178082,1,640,...001.1......,4,1
18577,bovine,f,5,26apr2017,5,0,,.....0.0......,2,0
18577,bovine,f,5,23aug2017,5.3260274,0,,.....0.0......,2,0
NTBlWh,bovine,f,5,26apr2017,5,0,,.....0........,1,
NTRed,bovine,f,5,26apr2017,5,0,,.....0.001....,4,1
NTRed,bovine,f,5,23aug2017,5.3260274,0,,.....0.001....,4,1
NTRed,bovine,f,5,25oct2017,5.4986301,0,,.....0.001....,4,1
NTRed,bovine,f,5,06dec2017,5.6136986,1,160,.....0.001....,4,1
3770,bovine,f,5,26apr2017,7,0,,.....0..00...0,4,0
3770,bovine,f,5,25oct2017,7.4986301,0,,.....0..00...0,4,0
3770,bovine,f,5,06dec2017,7.6136986,0,,.....0..00...0,4,0
3770,bovine,f,5,13jun2018,8.1315068,0,,.....0..00...0,4,0
8440,bovine,m,5,26apr2017,5,0,,.....0.......0,2,0
8440,bovine,m,5,13jun2018,6.1315068,0,,.....0.......0,2,0
10354,bovine,f,5,26apr2017,5,0,,.....0..00....,3,0
10354,bovine,f,5,25oct2017,5.4986301,0,,.....0..00....,3,0
10354,bovine,f,5,06dec2017,5.6136986,0,,.....0..00....,3,0
10365,bovine,f,5,26apr2017,5,0,,.....0.000....,4,0
10365,bovine,f,5,23aug2017,5.3260274,0,,.....0.000....,4,0
10365,bovine,f,5,25oct2017,5.4986301,0,,.....0.000....,4,0
10365,bovine,f,5,06dec2017,5.6136986,0,,.....0.000....,4,0
10386,bovine,f,5,26apr2017,6,1,10,.....1........,1,
10389,bovine,f,5,26apr2017,4,0,,.....0.0.....0,3,0
10389,bovine,f,5,23aug2017,4.3260274,0,,.....0.0.....0,3,0
10389,bovine,f,5,13jun2018,5.1315068,0,,.....0.0.....0,3,0
10407,bovine,f,5,26apr2017,4,0,,.....0.0.0....,3,0
10407,bovine,f,5,23aug2017,4.3260274,0,,.....0.0.0....,3,0
10407,bovine,f,5,06dec2017,4.6136986,0,,.....0.0.0....,3,0
10410,bovine,f,5,26apr2017,5,0,,.....0..00....,3,0
10410,bovine,f,5,25oct2017,5.4986301,0,,.....0..00....,3,0
10410,bovine,f,5,06dec2017,5.6136986,0,,.....0..00....,3,0
10427,bovine,f,5,26apr2017,5,0,,.....0.00....0,4,0
10427,bovine,f,5,23aug2017,5.3260274,0,,.....0.00....0,4,0
10427,bovine,f,5,25oct2017,5.4986301,0,,.....0.00....0,4,0
10427,bovine,f,5,13jun2018,6.1315068,0,,.....0.00....0,4,0
10439,bovine,f,5,26apr2017,7,0,,.....0.000...0,5,0
10439,bovine,f,5,23aug2017,7.3260274,0,,.....0.000...0,5,0
10439,bovine,f,5,25oct2017,7.4986301,0,,.....0.000...0,5,0
10439,bovine,f,5,06dec2017,7.6136986,0,,.....0.000...0,5,0
10439,bovine,f,5,13jun2018,8.1315068,0,,.....0.000...0,5,0
10440,bovine,f,5,26apr2017,6,0,,.....0.000....,4,0
10440,bovine,f,5,23aug2017,6.3260274,0,,.....0.000....,4,0
10440,bovine,f,5,25oct2017,6.4986301,0,,.....0.000....,4,0
10440,bovine,f,5,06dec2017,6.6136986,0,,.....0.000....,4,0
4992,bovine,f,5,26apr2017,5,0,,.....0.000...0,5,0
4992,bovine,f,5,23aug2017,5.3260274,0,,.....0.000...0,5,0
4992,bovine,f,5,25oct2017,5.4986301,0,,.....0.000...0,5,0
4992,bovine,f,5,06dec2017,5.6136986,0,,.....0.000...0,5,0
4992,bovine,f,5,13jun2018,6.1315068,0,,.....0.000...0,5,0
4993,bovine,m,5,26apr2017,4,0,,.....0.00....0,4,0
4993,bovine,m,5,23aug2017,4.3260274,0,,.....0.00....0,4,0
4993,bovine,m,5,25oct2017,4.4986301,0,,.....0.00....0,4,0
4993,bovine,m,5,13jun2018,5.1315068,0,,.....0.00....0,4,0
8475,bovine,f,5,26apr2017,7,1,40,.....1...1....,2,
8475,bovine,f,5,06dec2017,7.6136986,1,640,.....1...1....,2,
8481,bovine,m,5,26apr2017,6,0,,.....0.000....,4,0
8481,bovine,m,5,23aug2017,6.3260274,0,,.....0.000....,4,0
8481,bovine,m,5,25oct2017,6.4986301,0,,.....0.000....,4,0
8481,bovine,m,5,06dec2017,6.6136986,0,,.....0.000....,4,0
9596,bovine,m,5,15feb2017,7,0,,...0..........,1,
9192,bovine,f,5,22jun2016,4,0,,0.............,1,
8771,bovine,f,5,22jun2016,5,0,,001...........,3,1
8771,bovine,f,5,16nov2016,5.4027397,0,,001...........,3,1
8771,bovine,f,5,18jan2017,5.5753425,1,20,001...........,3,1
10140,bovine,m,5,22jun2016,4,0,,00............,2,0
10140,bovine,m,5,16nov2016,4.4027397,0,,00............,2,0
16131,bovine,m,5,15feb2017,1,0,,...01.........,2,1
16131,bovine,m,5,15mar2017,1.0767123,1,10,...01.........,2,1
9792,bovine,m,5,15feb2017,7,0,,...00.........,2,0
9792,bovine,m,5,15mar2017,7.0767123,0,,...00.........,2,0
9814,bovine,f,5,15feb2017,5,1,80,...1..........,1,
9421,bovine,f,5,22jun2016,3,0,,0.............,1,
9424,bovine,f,5,22jun2016,3,0,,0.1...........,2,1
9424,bovine,f,5,18jan2017,3.5753425,1,640,0.1...........,2,1
8280,bovine,m,5,22jun2016,3,1,640,1.............,1,
8283,bovine,m,5,22jun2016,7,1,,11............,2,
8283,bovine,m,5,16nov2016,7.4027397,1,160,11............,2,
9118,bovine,f,5,22jun2016,5,0,,0.............,1,
9536,bovine,f,5,22jun2016,6,0,,0011..........,4,1
9536,bovine,f,5,16nov2016,6.4027397,0,,0011..........,4,1
9536,bovine,f,5,18jan2017,6.5753425,1,10,0011..........,4,1
9536,bovine,f,5,15feb2017,6.6520548,1,20,0011..........,4,1
8835,bovine,f,5,22jun2016,4,1,640,1.1...........,2,
8835,bovine,f,5,18jan2017,4.5753425,1,160,1.1...........,2,
8848,bovine,f,5,22jun2016,2,1,640,1111..........,4,
8848,bovine,f,5,16nov2016,2.4027397,1,640,1111..........,4,
8848,bovine,f,5,18jan2017,2.5753425,1,80,1111..........,4,
8848,bovine,f,5,15feb2017,2.6520548,1,640,1111..........,4,
85865,bovine,m,5,22jun2016,4,0,,0.............,1,
8595,bovine,m,5,22jun2016,5,1,40,1.1...........,2,
8595,bovine,m,5,18jan2017,5.5753425,1,640,1.1...........,2,
9205,bovine,f,5,15feb2017,7,0,,...0..........,1,
8754,bovine,m,5,15feb2017,2,1,10,...1..........,1,
9496,bovine,f,5,15feb2017,4,0,,...0..........,1,
9506,bovine,m,5,15feb2017,5,1,160,...1..........,1,
8425,bovine,f,5,22jun2016,4,0,,0.............,1,
8428,bovine,f,5,22jun2016,4,1,,1.............,1,
8437,bovine,f,5,22jun2016,3,1,640,1.............,1,
18587,bovine,f,5,22jun2016,7,0,,0.............,1,
9361,bovine,f,5,22jun2016,2,0,,0.............,1,
24214,bovine,f,6,05jul2016,2,0,,0.............,1,
74817,bovine,f,6,05jul2016,3,0,,0.............,1,
23963,bovine,f,6,05jul2016,4,1,20,1.............,1,
23972,bovine,f,6,05jul2016,2,1,640,1.............,1,
22153,bovine,f,6,05jul2016,4,0,,0.......0.....,2,0
22153,bovine,f,6,24oct2017,5.3041096,0,,0.......0.....,2,0
22156,bovine,f,6,05jul2016,3,0,,0.............,1,
23545,bovine,,6,13mar2018,,1,640,...........1..,1,
21783,bovine,f,6,25apr2017,11,1,40,.....11.......,2,
21783,bovine,f,6,20jun2017,11.153425,1,80,.....11.......,2,
23556,bovine,f,6,25apr2017,4,0,,.....0000.....,4,0
23556,bovine,f,6,20jun2017,4.1534247,0,,.....0000.....,4,0
23556,bovine,f,6,22aug2017,4.3260274,0,,.....0000.....,4,0
23556,bovine,f,6,24oct2017,4.4986301,0,,.....0000.....,4,0
23566,bovine,f,6,22aug2017,3,1,640,.......1...1..,2,
23566,bovine,f,6,13mar2018,3.5561644,1,320,.......1...1..,2,
23994,bovine,,6,13mar2018,,1,10,...........1..,1,
23998,bovine,f,6,25apr2017,4,0,,.....0000..1..,5,1
23998,bovine,f,6,20jun2017,4.1534247,0,,.....0000..1..,5,1
23998,bovine,f,6,22aug2017,4.3260274,0,,.....0000..1..,5,1
23998,bovine,f,6,24oct2017,4.4986301,0,,.....0000..1..,5,1
23998,bovine,f,6,13mar2018,4.8821918,1,10,.....0000..1..,5,1
24108,bovine,f,6,22aug2017,6,0,,.......0......,1,
24182,bovine,f,6,25apr2017,1.5,0,,.....0000.....,4,0
24182,bovine,f,6,20jun2017,1.6534247,0,,.....0000.....,4,0
24182,bovine,f,6,22aug2017,1.8260274,0,,.....0000.....,4,0
24182,bovine,f,6,24oct2017,1.9986301,0,,.....0000.....,4,0
24187,bovine,,6,13mar2018,,1,80,...........1..,1,
24205,bovine,,6,13mar2018,,0,,...........0..,1,
24945,bovine,m,6,25apr2017,.5,0,,.....0..0..0..,3,0
24945,bovine,m,6,24oct2017,.99863014,0,,.....0..0..0..,3,0
24945,bovine,m,6,13mar2018,1.3821918,0,,.....0..0..0..,3,0
23640,bovine,f,6,05jul2016,2,0,,0.............,1,
23641,bovine,f,6,05jul2016,2,1,56,1.............,1,
22383,bovine,f,6,05jul2016,1,1,320,1.............,1,
22384,bovine,f,6,05jul2016,2,0,,000...........,3,0
22384,bovine,f,6,15nov2016,2.3643836,0,,000...........,3,0
22384,bovine,f,6,20jan2017,2.5452055,0,,000...........,3,0
23759,bovine,f,6,05jul2016,3.5,0,,000...........,3,0
23759,bovine,f,6,15nov2016,3.8643836,0,,000...........,3,0
23759,bovine,f,6,20jan2017,4.0452055,0,,000...........,3,0
23768,bovine,f,6,05jul2016,4,0,,00............,2,0
23768,bovine,f,6,15nov2016,4.3643836,0,,00............,2,0
22368,bovine,f,6,05jul2016,3,0,,0.............,1,
24462,bovine,f,6,05jul2016,2.5,0,,0.............,1,
22990,bovine,m,6,05jul2016,2,0,,0.............,1,
22992,bovine,m,6,05jul2016,3,0,,0.............,1,
22802,bovine,m,6,05jul2016,2,0,,0.............,1,
24033,bovine,m,6,05jul2016,3,0,,00..0.........,3,0
24033,bovine,m,6,22nov2016,3.3835616,0,,00..0.........,3,0
24033,bovine,m,6,14mar2017,3.690411,0,,00..0.........,3,0
24070,bovine,f,6,05jul2016,3,0,,0.............,1,
22686,bovine,f,6,05jul2016,2,1,320,1...1.........,2,
22686,bovine,f,6,14mar2017,2.690411,1,640,1...1.........,2,
22689,bovine,m,6,05jul2016,2,0,,00............,2,0
22689,bovine,m,6,22nov2016,2.3835616,0,,00............,2,0
24219,bovine,f,6,05jul2016,3,1,40,1.............,1,
23623,bovine,f,6,05jul2016,2,0,,00..0.........,3,0
23623,bovine,f,6,22nov2016,2.3835616,0,,00..0.........,3,0
23623,bovine,f,6,14mar2017,2.690411,0,,00..0.........,3,0
23625,bovine,f,6,05jul2016,2.5,0,,0.............,1,
24487,bovine,f,6,05jul2016,3,1,28,1...1.........,2,
24487,bovine,f,6,14mar2017,3.690411,1,14,1...1.........,2,
24498,bovine,f,6,05jul2016,3,0,,0...1.........,2,1
24498,bovine,f,6,14mar2017,3.690411,1,10,0...1.........,2,1
22208,bovine,f,6,14feb2017,5,0,,...01.11......,4,1
22208,bovine,f,6,14mar2017,5.0767123,1,20,...01.11......,4,1
22208,bovine,f,6,20jun2017,5.3452055,1,160,...01.11......,4,1
22208,bovine,f,6,22aug2017,5.5178082,1,640,...01.11......,4,1
23555,bovine,f,6,14feb2017,7,0,,...0000000.1..,8,1
23555,bovine,f,6,14mar2017,7.0767123,0,,...0000000.1..,8,1
23555,bovine,f,6,25apr2017,7.1917808,0,,...0000000.1..,8,1
23555,bovine,f,6,20jun2017,7.3452055,0,,...0000000.1..,8,1
23555,bovine,f,6,22aug2017,7.5178082,0,,...0000000.1..,8,1
23555,bovine,f,6,24oct2017,7.690411,0,,...0000000.1..,8,1
23555,bovine,f,6,07dec2017,7.8109589,0,,...0000000.1..,8,1
23555,bovine,f,6,13mar2018,8.0739726,1,10,...0000000.1..,8,1
23559,bovine,f,6,05jul2016,2.5,1,160,1.............,1,
23564,bovine,f,6,05jul2016,2,0,0,00...0000..0..,7,0
23564,bovine,f,6,15nov2016,2.3643836,0,,00...0000..0..,7,0
23564,bovine,f,6,25apr2017,2.8054795,0,,00...0000..0..,7,0
23564,bovine,f,6,20jun2017,2.9589041,0,,00...0000..0..,7,0
23564,bovine,f,6,22aug2017,3.1315068,0,,00...0000..0..,7,0
23564,bovine,f,6,24oct2017,3.3041096,0,,00...0000..0..,7,0
23564,bovine,f,6,13mar2018,3.6876712,0,,00...0000..0..,7,0
23570,bovine,f,6,14feb2017,3,1,20,...1.1.....0..,3,
23570,bovine,f,6,25apr2017,3.1917808,1,640,...1.1.....0..,3,
23570,bovine,f,6,13mar2018,4.0739726,0,,...1.1.....0..,3,
23996,bovine,f,6,14feb2017,2,1,10,...1..........,1,
24111,bovine,f,6,14feb2017,2,0,,...0..0000....,5,0
24111,bovine,f,6,20jun2017,2.3452055,0,,...0..0000....,5,0
24111,bovine,f,6,22aug2017,2.5178082,0,,...0..0000....,5,0
24111,bovine,f,6,24oct2017,2.690411,0,,...0..0000....,5,0
24111,bovine,f,6,07dec2017,2.8109589,0,,...0..0000....,5,0
28999,bovine,m,6,14feb2017,3,1,20,...1..........,1,
23542,bovine,f,6,25apr2017,4,0,,.....00..0.0..,4,0
23542,bovine,f,6,20jun2017,4.1534247,0,,.....00..0.0..,4,0
23542,bovine,f,6,05dec2017,4.6136986,0,,.....00..0.0..,4,0
23542,bovine,f,6,13mar2018,4.8821918,0,,.....00..0.0..,4,0
23562,bovine,f,6,25apr2017,7,0,,.....00....0..,3,0
23562,bovine,f,6,20jun2017,7.1534247,0,,.....00....0..,3,0
23562,bovine,f,6,13mar2018,7.8821918,0,,.....00....0..,3,0
23563,bovine,f,6,25apr2017,6,1,640,.....11....0..,3,
23563,bovine,f,6,20jun2017,6.1534247,1,640,.....11....0..,3,
23563,bovine,f,6,13mar2018,6.8821918,0,,.....11....0..,3,
24178,bovine,f,6,25apr2017,3,0,,.....00..0.1..,4,1
24178,bovine,f,6,20jun2017,3.1534247,0,,.....00..0.1..,4,1
24178,bovine,f,6,05dec2017,3.6136986,0,,.....00..0.1..,4,1
24178,bovine,f,6,13mar2018,3.8821918,1,40,.....00..0.1..,4,1
24179,bovine,m,6,25apr2017,7,0,,.....00.......,2,0
24179,bovine,m,6,20jun2017,7.1534247,0,,.....00.......,2,0
24180,bovine,m,6,25apr2017,2,0,,.....00.......,2,0
24180,bovine,m,6,20jun2017,2.1534247,0,,.....00.......,2,0
24181,bovine,m,6,25apr2017,1,1,80,.....11.......,2,
24181,bovine,m,6,20jun2017,1.1534247,1,640,.....11.......,2,
24545,bovine,f,6,25apr2017,3,1,80,.....11.......,2,
24545,bovine,f,6,20jun2017,3.1534247,1,80,.....11.......,2,
22553,bovine,f,6,05jul2016,4,1,20,1.............,1,
22561,bovine,f,6,05jul2016,2,0,,0.............,1,
22243,bovine,f,6,05jul2016,3,1,640,1.............,1,
22250,bovine,m,6,05jul2016,5,0,,00............,2,0
22250,bovine,m,6,15nov2016,5.3643836,0,,00............,2,0
24067,bovine,f,6,05jul2016,4,0,,00............,2,0
24067,bovine,f,6,15nov2016,4.3643836,0,,00............,2,0
22722,bovine,f,6,05jul2016,3,0,,0.............,1,
24122,bovine,f,6,05jul2016,2,0,,0.............,1,
23407,bovine,f,6,05jul2016,2,0,,00.01.........,4,1
23407,bovine,f,6,15nov2016,2.3643836,0,,00.01.........,4,1
23407,bovine,f,6,14feb2017,2.6136986,0,,00.01.........,4,1
23407,bovine,f,6,14mar2017,2.690411,1,20,00.01.........,4,1
23408,bovine,f,6,05jul2016,2,0,,00.01.........,4,1
23408,bovine,f,6,15nov2016,2.3643836,0,,00.01.........,4,1
23408,bovine,f,6,14feb2017,2.6136986,0,,00.01.........,4,1
23408,bovine,f,6,14mar2017,2.690411,1,20,00.01.........,4,1
23432,bovine,f,6,05jul2016,3,1,640,1.............,1,
21748,bovine,f,6,25apr2017,2,0,,.....0........,1,
21749,bovine,f,6,25apr2017,2,0,,.....0...0....,2,0
21749,bovine,f,6,07dec2017,2.6191781,0,,.....0...0....,2,0
22308,bovine,f,6,25apr2017,4,0,,.....0........,1,
22883,bovine,m,6,05jul2016,2,0,,0.00000..0....,7,0
22883,bovine,m,6,20jan2017,2.5452055,0,,0.00000..0....,7,0
22883,bovine,m,6,14feb2017,2.6136986,0,,0.00000..0....,7,0
22883,bovine,m,6,14mar2017,2.690411,0,,0.00000..0....,7,0
22883,bovine,m,6,25apr2017,2.8054795,0,,0.00000..0....,7,0
22883,bovine,m,6,20jun2017,2.9589041,0,,0.00000..0....,7,0
22883,bovine,m,6,05dec2017,3.4191781,0,,0.00000..0....,7,0
22885,bovine,f,6,05jul2016,2.5,0,,0.01..........,3,1
22885,bovine,f,6,20jan2017,3.0452055,0,,0.01..........,3,1
22885,bovine,f,6,14feb2017,3.1136986,1,10,0.01..........,3,1
22889,bovine,f,6,05jul2016,4,0,,0.00.....0....,4,0
22889,bovine,f,6,20jan2017,4.5452055,0,,0.00.....0....,4,0
22889,bovine,f,6,14feb2017,4.6136986,0,,0.00.....0....,4,0
22889,bovine,f,6,05dec2017,5.4191781,0,,0.00.....0....,4,0
22549,bovine,m,6,05jul2016,4,0,,0..00.........,3,0
22549,bovine,m,6,14feb2017,4.6136986,0,,0..00.........,3,0
22549,bovine,m,6,14mar2017,4.690411,0,,0..00.........,3,0
22664,bovine,m,6,05jul2016,3.5,0,,0...0.........,2,0
22664,bovine,m,6,14mar2017,4.190411,0,,0...0.........,2,0
23067,bovine,m,6,05jul2016,3,0,,0.............,1,
24488,bovine,m,6,05jul2016,2,0,,0.............,1,
21673,bovine,m,6,24oct2017,3,1,10,........1.....,1,
21674,bovine,m,6,24oct2017,3,0,,........0.....,1,
21675,bovine,m,6,25apr2017,3,0,,.....00.00..00,6,0
21675,bovine,m,6,20jun2017,3.1534247,0,,.....00.00..00,6,0
21675,bovine,m,6,24oct2017,3.4986301,0,,.....00.00..00,6,0
21675,bovine,m,6,07dec2017,3.6191781,0,,.....00.00..00,6,0
21675,bovine,m,6,10apr2018,3.9589041,0,,.....00.00..00,6,0
21675,bovine,m,6,13jun2018,4.1342466,0,,.....00.00..00,6,0
21676,bovine,f,6,07dec2017,1,0,,.........00.0.,3,0
21676,bovine,f,6,22feb2018,1.2109589,0,,.........00.0.,3,0
21676,bovine,f,6,10apr2018,1.339726,0,,.........00.0.,3,0
21679,bovine,m,6,22feb2018,3,0,,..........0.0.,2,0
21679,bovine,m,6,10apr2018,3.1287671,0,,..........0.0.,2,0
21682,bovine,m,6,24oct2017,2,0,,........0....0,2,0
21682,bovine,m,6,13jun2018,2.6356164,0,,........0....0,2,0
21794,bovine,f,6,24oct2017,4,0,,........000.00,5,0
21794,bovine,f,6,07dec2017,4.1205479,0,,........000.00,5,0
21794,bovine,f,6,22feb2018,4.3315068,0,,........000.00,5,0
21794,bovine,f,6,10apr2018,4.460274,0,,........000.00,5,0
21794,bovine,f,6,13jun2018,4.6356164,0,,........000.00,5,0
21796,bovine,m,6,22feb2018,1,0,,..........0..0,2,0
21796,bovine,m,6,13jun2018,1.3041096,0,,..........0..0,2,0
21797,bovine,f,6,07dec2017,1,0,,.........00.00,4,0
21797,bovine,f,6,22feb2018,1.2109589,0,,.........00.00,4,0
21797,bovine,f,6,10apr2018,1.339726,0,,.........00.00,4,0
21797,bovine,f,6,13jun2018,1.5150685,0,,.........00.00,4,0
21798,bovine,m,6,07dec2017,1,0,,.........00..0,3,0
21798,bovine,m,6,22feb2018,1.2109589,0,,.........00..0,3,0
21798,bovine,m,6,13jun2018,1.5150685,0,,.........00..0,3,0
22057,bovine,f,6,07dec2017,6,1,160,.........1....,1,
22059,bovine,m,6,25apr2017,7,0,,.....0........,1,
22063,bovine,m,6,25apr2017,5,1,80,.....1..1.....,2,
22063,bovine,m,6,24oct2017,5.4986301,1,320,.....1..1.....,2,
22067,bovine,f,6,25apr2017,6,0,,.....00..01...,4,1
22067,bovine,f,6,20jun2017,6.1534247,0,,.....00..01...,4,1
22067,bovine,f,6,07dec2017,6.6191781,0,,.....00..01...,4,1
22067,bovine,f,6,22feb2018,6.830137,1,10,.....00..01...,4,1
22069,bovine,m,6,25apr2017,6,1,640,.....11.......,2,
22069,bovine,m,6,20jun2017,6.1534247,1,640,.....11.......,2,
22075,bovine,f,6,07dec2017,6,0,,.........00..0,3,0
22075,bovine,f,6,22feb2018,6.2109589,0,,.........00..0,3,0
22075,bovine,f,6,13jun2018,6.5150685,0,,.........00..0,3,0
22077,bovine,f,6,25apr2017,4,0,,.....01.1.....,3,1
22077,bovine,f,6,20jun2017,4.1534247,1,10,.....01.1.....,3,1
22077,bovine,f,6,24oct2017,4.4986301,1,640,.....01.1.....,3,1
22080,bovine,f,6,07dec2017,5,0,,.........0..0.,2,0
22080,bovine,f,6,10apr2018,5.339726,0,,.........0..0.,2,0
22082,bovine,f,6,07dec2017,7,1,640,.........1....,1,
22086,bovine,f,6,07dec2017,7,1,640,.........1....,1,
22095,bovine,f,6,25apr2017,5,1,20,.....1........,1,
22104,bovine,f,6,25apr2017,2,0,,.....0000.0.00,7,0
22104,bovine,f,6,20jun2017,2.1534247,0,,.....0000.0.00,7,0
22104,bovine,f,6,22aug2017,2.3260274,0,,.....0000.0.00,7,0
22104,bovine,f,6,24oct2017,2.4986301,0,,.....0000.0.00,7,0
22104,bovine,f,6,22feb2018,2.830137,0,,.....0000.0.00,7,0
22104,bovine,f,6,10apr2018,2.9589041,0,,.....0000.0.00,7,0
22104,bovine,f,6,13jun2018,3.1342466,0,,.....0000.0.00,7,0
22105,bovine,m,6,07dec2017,3,1,640,.........1....,1,
22107,bovine,m,6,25apr2017,3,0,,.....0..000...,4,0
22107,bovine,m,6,24oct2017,3.4986301,0,,.....0..000...,4,0
22107,bovine,m,6,07dec2017,3.6191781,0,,.....0..000...,4,0
22107,bovine,m,6,22feb2018,3.830137,0,,.....0..000...,4,0
22109,bovine,f,6,25apr2017,6,1,80,.....1........,1,
22295,bovine,m,6,25apr2017,6,1,20,.....11.......,2,
22295,bovine,m,6,20jun2017,6.1534247,1,640,.....11.......,2,
22296,bovine,m,6,25apr2017,7,0,,.....0........,1,
22303,bovine,m,6,07dec2017,3,0,,.........0....,1,
24000,bovine,f,6,24oct2017,1,0,,........0..1..,2,1
24000,bovine,f,6,13mar2018,1.3835616,1,10,........0..1..,2,1
24272,bovine,f,6,24oct2017,1,0,,........0.....,1,
24946,bovine,f,6,24oct2017,1,0,,........0..0..,2,0
24946,bovine,f,6,13mar2018,1.3835616,0,,........0..0..,2,0
24947,bovine,,6,07dec2017,,0,,.........0.0..,2,0
24947,bovine,,6,13mar2018,,0,,.........0.0..,2,0
24949,bovine,f,6,24oct2017,1,0,,........0.....,1,
22763,bovine,f,6,05jul2016,3,0,,0000..........,4,0
22763,bovine,f,6,15nov2016,3.3643836,0,,0000..........,4,0
22763,bovine,f,6,20jan2017,3.5452055,0,,0000..........,4,0
22763,bovine,f,6,14feb2017,3.6136986,0,,0000..........,4,0
22765,bovine,m,6,05jul2016,4,0,,0.............,1,
22768,bovine,f,6,05jul2016,3,1,28,1.............,1,
22157,bovine,f,6,05jul2016,3,0,,0...0.........,2,0
22157,bovine,f,6,14mar2017,3.690411,0,,0...0.........,2,0
22167,bovine,m,6,14feb2017,2,0,,...0..........,1,
22177,bovine,f,6,05jul2016,3.5,0,,0.............,1,
24317,bovine,f,6,14feb2017,1,0,,...0..........,1,
22007,bovine,m,6,25apr2017,5,0,,.....0........,1,
22016,bovine,f,6,25apr2017,5,0,,.....00.......,2,0
22016,bovine,f,6,20jun2017,5.1534247,0,,.....00.......,2,0
22021,bovine,f,6,25apr2017,5,0,,.....0........,1,
22094,bovine,f,6,25apr2017,5,1,160,.....1........,1,
24005,bovine,m,6,25apr2017,2,1,80,.....1........,1,
24011,bovine,m,6,25apr2017,3,0,,.....00.......,2,0
24011,bovine,m,6,20jun2017,3.1534247,0,,.....00.......,2,0
22403,bovine,f,6,14mar2017,7,1,20,....1.........,1,
22431,bovine,f,6,14mar2017,2,0,,....0.........,1,
22433,bovine,m,6,14mar2017,3,1,80,....1.........,1,
Q0525417,bovine,,7,26apr2017,,1,80,.....1........,1,
Q0526974,bovine,,7,26apr2017,,0,,.....0........,1,
Q0529417,bovine,,7,26apr2017,,0,,.....0........,1,
Q027548,bovine,f,7,29jun2016,6,1,,1.............,1,
Q0527091,bovine,f,7,29jun2016,1.5,0,,01............,2,1
Q0527091,bovine,f,7,23nov2016,1.9027397,1,640,01............,2,1
Q0527092,bovine,f,7,29jun2016,6,0,,0.1...........,2,1
Q0527092,bovine,f,7,18jan2017,6.5561644,1,640,0.1...........,2,1
Mobomvu,bovine,f,7,29jun2016,4,0,,0.............,1,
Q0526930,bovine,f,7,29jun2016,4,0,,000.0000......,7,0
Q0526930,bovine,f,7,23nov2016,4.4027397,0,,000.0000......,7,0
Q0526930,bovine,f,7,18jan2017,4.5561644,0,,000.0000......,7,0
Q0526930,bovine,f,7,15mar2017,4.709589,0,,000.0000......,7,0
Q0526930,bovine,f,7,26apr2017,4.8246575,0,,000.0000......,7,0
Q0526930,bovine,f,7,21jun2017,4.9780822,0,,000.0000......,7,0
Q0526930,bovine,f,7,23aug2017,5.1506849,0,,000.0000......,7,0
Q0526931,bovine,m,7,26apr2017,2,0,,.....0000..0.0,6,0
Q0526931,bovine,m,7,21jun2017,2.1534247,0,,.....0000..0.0,6,0
Q0526931,bovine,m,7,23aug2017,2.3260274,0,,.....0000..0.0,6,0
Q0526931,bovine,m,7,25oct2017,2.4986301,0,,.....0000..0.0,6,0
Q0526931,bovine,m,7,07mar2018,2.8630137,0,,.....0000..0.0,6,0
Q0526931,bovine,m,7,13jun2018,3.1315068,0,,.....0000..0.0,6,0
Q0527641,bovine,,7,26apr2017,5,0,,.....011...1..,4,1
Q0527641,bovine,,7,21jun2017,5.1534247,1,10,.....011...1..,4,1
Q0527641,bovine,,7,23aug2017,5.3260274,1,160,.....011...1..,4,1
Q0527641,bovine,,7,07mar2018,5.8630137,1,640,.....011...1..,4,1
Q0527642,bovine,f,7,29jun2016,3.5,0,,0...1.1.......,3,1
Q0527642,bovine,f,7,15mar2017,4.209589,1,20,0...1.1.......,3,1
Q0527642,bovine,f,7,21jun2017,4.4780822,1,40,0...1.1.......,3,1
Q0527729,bovine,f,7,29jun2016,2,0,,00...0.000.0.0,8,0
Q0527729,bovine,f,7,23nov2016,2.4027397,0,,00...0.000.0.0,8,0
Q0527729,bovine,f,7,26apr2017,2.8246575,0,,00...0.000.0.0,8,0
Q0527729,bovine,f,7,23aug2017,3.1506849,0,,00...0.000.0.0,8,0
Q0527729,bovine,f,7,25oct2017,3.3232877,0,,00...0.000.0.0,8,0
Q0527729,bovine,f,7,06dec2017,3.4383562,0,,00...0.000.0.0,8,0
Q0527729,bovine,f,7,07mar2018,3.6876712,0,,00...0.000.0.0,8,0
Q0527729,bovine,f,7,13jun2018,3.9561644,0,,00...0.000.0.0,8,0
Q0527984,bovine,,7,26apr2017,,0,,.....0.000.0.0,6,0
Q0527984,bovine,,7,23aug2017,,0,,.....0.000.0.0,6,0
Q0527984,bovine,,7,25oct2017,,0,,.....0.000.0.0,6,0
Q0527984,bovine,,7,06dec2017,,0,,.....0.000.0.0,6,0
Q0527984,bovine,,7,07mar2018,,0,,.....0.000.0.0,6,0
Q0527984,bovine,,7,13jun2018,,0,,.....0.000.0.0,6,0
Q0569268,bovine,f,7,29jun2016,5,1,640,1.............,1,
Q0527168,bovine,f,7,29jun2016,1.5,0,,011...........,3,1
Q0527168,bovine,f,7,23nov2016,1.9027397,1,20,011...........,3,1
Q0527168,bovine,f,7,18jan2017,2.0561644,1,10,011...........,3,1
Q0527172,bovine,f,7,29jun2016,2,1,30,1.............,1,
Q0539269,bovine,m,7,29jun2016,2.5,0,,0.............,1,
Q0527049,bovine,f,7,29jun2016,3.5,0,,011...........,3,1
Q0527049,bovine,f,7,23nov2016,3.9027397,1,28,011...........,3,1
Q0527049,bovine,f,7,18jan2017,4.0561644,1,10,011...........,3,1
Q0527455,bovine,f,7,29jun2016,3,0,,00..0.........,3,0
Q0527455,bovine,f,7,23nov2016,3.4027397,0,,00..0.........,3,0
Q0527455,bovine,f,7,15mar2017,3.709589,0,,00..0.........,3,0
Q0529668,bovine,f,7,29jun2016,6,0,,0.............,1,
Q0531273,bovine,m,7,29jun2016,2,1,640,1.............,1,
NTRw,bovine,f,7,26apr2017,2.5,0,,.....0........,1,
Q0526924,bovine,m,7,26apr2017,1.5,1,10,.....1.1...0..,3,
Q0526924,bovine,m,7,23aug2017,1.8260274,1,640,.....1.1...0..,3,
Q0526924,bovine,m,7,07mar2018,2.3630137,0,,.....1.1...0..,3,
Q0527045,bovine,f,7,06dec2017,6,0,,.........0...0,2,0
Q0527045,bovine,f,7,13jun2018,6.5178082,0,,.........0...0,2,0
Q0527046,bovine,f,7,26apr2017,4,0,,.....0.....1..,2,1
Q0527046,bovine,f,7,07mar2018,4.8630137,1,40,.....0.....1..,2,1
Q0527056,bovine,f,7,26apr2017,4,0,,.....0........,1,
Q0527281,bovine,f,7,29jun2016,2.5,0,,011...1....0..,5,1
Q0527281,bovine,f,7,23nov2016,2.9027397,1,80,011...1....0..,5,1
Q0527281,bovine,f,7,18jan2017,3.0561644,1,40,011...1....0..,5,1
Q0527281,bovine,f,7,21jun2017,3.4780822,1,640,011...1....0..,5,1
Q0527281,bovine,f,7,07mar2018,4.1876712,0,,011...1....0..,5,1
Q0527288,bovine,m,7,29jun2016,7,0,,0.1...1....0..,4,1
Q0527288,bovine,m,7,18jan2017,7.5561644,1,20,0.1...1....0..,4,1
Q0527288,bovine,m,7,21jun2017,7.9780822,1,160,0.1...1....0..,4,1
Q0527288,bovine,m,7,07mar2018,8.6876712,0,,0.1...1....0..,4,1
Q0527290,bovine,m,7,26apr2017,5,1,160,.....1........,1,
Q0527296,bovine,f,7,29jun2016,4,0,,0....0.00.....,4,0
Q0527296,bovine,f,7,26apr2017,4.8246575,0,,0....0.00.....,4,0
Q0527296,bovine,f,7,23aug2017,5.1506849,0,,0....0.00.....,4,0
Q0527296,bovine,f,7,25oct2017,5.3232877,0,,0....0.00.....,4,0
Q0527299,bovine,f,7,26apr2017,3,1,10,.....11....0..,3,
Q0527299,bovine,f,7,21jun2017,3.1534247,1,160,.....11....0..,3,
Q0527299,bovine,f,7,07mar2018,3.8630137,0,,.....11....0..,3,
Q0527305,bovine,m,7,06dec2017,5,1,80,.........1....,1,
Q0527310,bovine,f,7,29jun2016,3,0,,0.............,1,
Q0527314,bovine,f,7,26apr2017,,0,,.....000.0....,4,0
Q0527314,bovine,f,7,21jun2017,,0,,.....000.0....,4,0
Q0527314,bovine,f,7,23aug2017,,0,,.....000.0....,4,0
Q0527314,bovine,f,7,06dec2017,,0,,.....000.0....,4,0
Q0527319,bovine,f,7,26apr2017,3,0,,.....0.000.0.0,6,0
Q0527319,bovine,f,7,23aug2017,3.3260274,0,,.....0.000.0.0,6,0
Q0527319,bovine,f,7,25oct2017,3.4986301,0,,.....0.000.0.0,6,0
Q0527319,bovine,f,7,06dec2017,3.6136986,0,,.....0.000.0.0,6,0
Q0527319,bovine,f,7,07mar2018,3.8630137,0,,.....0.000.0.0,6,0
Q0527319,bovine,f,7,13jun2018,4.1315068,0,,.....0.000.0.0,6,0
Q0527823,bovine,f,7,26apr2017,,0,,.....001.1....,4,1
Q0527823,bovine,f,7,21jun2017,,0,,.....001.1....,4,1
Q0527823,bovine,f,7,23aug2017,,1,640,.....001.1....,4,1
Q0527823,bovine,f,7,06dec2017,,1,640,.....001.1....,4,1
Q0527830,bovine,f,7,26apr2017,3,0,,.....0.1.1.0..,4,1
Q0527830,bovine,f,7,23aug2017,3.3260274,1,10,.....0.1.1.0..,4,1
Q0527830,bovine,f,7,06dec2017,3.6136986,1,224,.....0.1.1.0..,4,1
Q0527830,bovine,f,7,07mar2018,3.8630137,0,,.....0.1.1.0..,4,1
Q0527223,bovine,f,7,29jun2016,2.5,0,,0.............,1,
Q0527225,bovine,f,7,29jun2016,4,0,,0.............,1,
Q0527229,bovine,f,7,29jun2016,3,0,,01............,2,1
Q0527229,bovine,f,7,23nov2016,3.4027397,1,80,01............,2,1
Q0527230,bovine,f,7,29jun2016,4,0,,01..1.........,3,1
Q0527230,bovine,f,7,23nov2016,4.4027397,1,640,01..1.........,3,1
Q0527230,bovine,f,7,15mar2017,4.709589,1,640,01..1.........,3,1
Q0527657,bovine,m,7,29jun2016,5,0,,0.1...........,2,1
Q0527657,bovine,m,7,18jan2017,5.5561644,1,20,0.1...........,2,1
Q0527665,bovine,m,7,29jun2016,4,0,,0.............,1,
Q0527669,bovine,f,7,29jun2016,5,0,,0.1...........,2,1
Q0527669,bovine,f,7,18jan2017,5.5561644,1,40,0.1...........,2,1
Q0527518,bovine,f,7,29jun2016,2.5,1,640,1.............,1,
Q0527536,bovine,f,7,29jun2016,4,1,,1.............,1,
Q0527572,bovine,f,7,29jun2016,3.5,0,,0.............,1,
Q0527574,bovine,f,7,29jun2016,3.5,0,,0...1.........,2,1
Q0527574,bovine,f,7,15mar2017,4.209589,1,28,0...1.........,2,1
Q0527058,bovine,f,7,29jun2016,4,1,640,1.............,1,
Q0527060,bovine,f,7,29jun2016,6,1,,1.............,1,
Q0527061,bovine,f,7,29jun2016,2,1,,1...1.........,2,
Q0527061,bovine,f,7,15mar2017,2.709589,1,640,1...1.........,2,
Q0513469,bovine,f,7,06dec2017,4,0,,.........0....,1,
Q0527019,bovine,f,7,25oct2017,5,0,,........0.....,1,
Q0527020,bovine,f,7,25oct2017,4,0,,........0.....,1,
Q0527025,bovine,f,7,06dec2017,6,0,,.........0...0,2,0
Q0527025,bovine,f,7,13jun2018,6.5178082,0,,.........0...0,2,0
Q0527028,bovine,f,7,06dec2017,5,0,,.........0...1,2,1
Q0527028,bovine,f,7,13jun2018,5.5178082,1,10,.........0...1,2,1
Q0526914,bovine,f,7,29jun2016,5,1,,1.....1....0..,3,
Q0526914,bovine,f,7,21jun2017,5.9780822,1,10,1.....1....0..,3,
Q0526914,bovine,f,7,07mar2018,6.6876712,0,,1.....1....0..,3,
Q0527017,bovine,f,7,29jun2016,5,0,,00......0.....,3,0
Q0527017,bovine,f,7,23nov2016,5.4027397,0,,00......0.....,3,0
Q0527017,bovine,f,7,25oct2017,6.3232877,0,,00......0.....,3,0
Q0527021,bovine,f,7,29jun2016,4,1,20,1.....1....0..,3,
Q0527021,bovine,f,7,21jun2017,4.9780822,1,160,1.....1....0..,3,
Q0527021,bovine,f,7,07mar2018,5.6876712,0,,1.....1....0..,3,
Q0527034,bovine,f,7,29jun2016,4,0,,011.111....1..,7,1
Q0527034,bovine,f,7,23nov2016,4.4027397,1,40,011.111....1..,7,1
Q0527034,bovine,f,7,18jan2017,4.5561644,1,20,011.111....1..,7,1
Q0527034,bovine,f,7,15mar2017,4.709589,1,20,011.111....1..,7,1
Q0527034,bovine,f,7,26apr2017,4.8246575,1,40,011.111....1..,7,1
Q0527034,bovine,f,7,21jun2017,4.9780822,1,640,011.111....1..,7,1
Q0527034,bovine,f,7,07mar2018,5.6876712,1,10,011.111....1..,7,1
Q0521520,bovine,m,7,29jun2016,3.5,0,,0.............,1,
Q0521522,bovine,f,7,29jun2016,4,0,,0.............,1,
Q0523639,bovine,f,7,29jun2016,4,0,,0.............,1,
Q0526933,bovine,m,7,29jun2016,4,0,,00............,2,0
Q0526933,bovine,m,7,23nov2016,4.4027397,0,,00............,2,0
Q0526935,bovine,m,7,29jun2016,4,0,,0.............,1,
Q052777,bovine,f,7,29jun2016,6,0,,00............,2,0
Q052777,bovine,f,7,23nov2016,6.4027397,0,,00............,2,0
Q052778,bovine,f,7,29jun2016,6,1,20,1.............,1,
Q0527437,bovine,f,7,29jun2016,5.5,0,,000...........,3,0
Q0527437,bovine,f,7,23nov2016,5.9027397,0,,000...........,3,0
Q0527437,bovine,f,7,18jan2017,6.0561644,0,,000...........,3,0
Q0527450,bovine,f,7,29jun2016,5.5,1,320,1.............,1,
Q527442,bovine,f,7,29jun2016,2,0,,000...........,3,0
Q527442,bovine,f,7,23nov2016,2.4027397,0,,000...........,3,0
Q527442,bovine,f,7,18jan2017,2.5561644,0,,000...........,3,0
Q0527691,bovine,f,7,15mar2017,6,0,,....0.........,1,
Mabala,bovine,m,7,29jun2016,1.5,1,80,1.............,1,
Q0525630,bovine,m,7,29jun2016,5,0,,0.............,1,
Q0526505,bovine,f,7,29jun2016,4,1,40,1.............,1,
31614a,bovine,f,8,21jun2016,4,1,,1.............,1,
31925,bovine,f,8,21jun2016,3.5,0,,0.............,1,
31217,bovine,f,8,21jun2016,5,0,,0.............,1,
31254,bovine,f,8,21jun2016,1.5,1,28,1.............,1,
31181,bovine,f,8,21jun2016,1,1,,1.............,1,
31684,bovine,m,8,21jun2016,4,0,,0.............,1,
greentag,bovine,f,8,21jun2016,6,1,640,1.............,1,
31838,bovine,f,8,21jun2016,7,1,,1.............,1,
31845,bovine,f,8,21jun2016,7,1,,1.............,1,
31848,bovine,m,8,21jun2016,5,1,640,1.............,1,
30951,bovine,f,8,21jun2016,3,0,,0.............,1,
30955,bovine,f,8,21jun2016,3.5,1,640,1.............,1,
30956,bovine,f,8,21jun2016,4,1,640,1.............,1,
31278,bovine,f,8,21jun2016,4,0,,0.............,1,
31557,bovine,f,8,21jun2016,7,0,,0.............,1,
38669,bovine,f,8,21jun2016,3,0,,0.............,1,
38670,bovine,m,8,21jun2016,3,1,,1.............,1,
pinktag,bovine,f,8,21jun2016,6,0,,0.............,1,
31511,bovine,f,8,21jun2016,3,1,,1.............,1,
31736,bovine,m,8,21jun2016,3,0,,0.............,1,
31750,bovine,f,8,21jun2016,6,0,,0.............,1,
33656,bovine,m,8,21jun2016,8,1,10,1.............,1,
33034,bovine,f,8,21jun2016,8,0,,0.............,1,
33047,bovine,f,8,21jun2016,7,1,640,1.............,1,
31163,bovine,f,8,21jun2016,4,0,,0.............,1,
31614b,bovine,m,8,21jun2016,6,0,,0.............,1,
31050,bovine,f,8,21jun2016,3,1,20,1.............,1,
31195,bovine,f,8,21jun2016,7,1,640,1.............,1,
31196,bovine,m,8,21jun2016,4,0,,0.............,1,
31185,bovine,m,8,21jun2016,2,0,,0.............,1,
31342,bovine,f,8,21jun2016,3,0,,0.............,1,
31474,bovine,f,8,21jun2016,5,1,640,1.............,1,
31497,bovine,m,8,21jun2016,4,1,,1.............,1,
31406,bovine,m,8,21jun2016,4,0,,0.............,1,
31416,bovine,f,8,21jun2016,6,0,,0.............,1,
30290,bovine,f,8,21jun2016,3,0,,0.............,1,
31084,bovine,f,8,21jun2016,7,0,,0.............,1,
31096,bovine,m,8,21jun2016,2,0,,0.............,1,
31111,bovine,f,8,21jun2016,3,0,,0.............,1,
31012,bovine,m,8,21jun2016,4,0,,0.............,1,
31579,bovine,f,8,21jun2016,2.5,0,,0.............,1,
30252,bovine,f,8,21jun2016,6,1,,1.............,1,
30262,bovine,f,8,21jun2016,7,0,,0.............,1,
30266,bovine,f,8,21jun2016,3,0,,0.............,1,
31203,bovine,f,8,21jun2016,2,1,640,1.............,1,
31208,bovine,m,8,21jun2016,3,1,,1.............,1,
31290,bovine,m,8,21jun2016,6,1,640,1.............,1,
31564,bovine,f,8,21jun2016,3,0,,0.............,1,
notag,bovine,m,8,21jun2016,6,0,,0.............,1,
31338,bovine,m,8,21jun2016,3,1,,1.............,1,
69770,bovine,f,9,02mar2017,5,1,20,...1..........,1,
71078,bovine,f,9,02mar2017,7,1,112,...1..........,1,
39912,bovine,f,9,24jun2016,3,1,30,1.............,1,
40986,bovine,f,9,24jun2016,4,1,,1.............,1,
39770a,bovine,f,9,24jun2016,2,1,,1.............,1,
39843,bovine,m,9,24jun2016,3,0,,000...........,3,0
39843,bovine,m,9,25nov2016,3.4219178,0,,000...........,3,0
39843,bovine,m,9,20jan2017,3.5753425,0,,000...........,3,0
39968,bovine,m,9,24jun2016,8,0,,00............,2,0
39968,bovine,m,9,25nov2016,8.4219178,0,,00............,2,0
39628,bovine,f,9,24jun2016,2,0,,0.............,1,
39928,bovine,f,9,24jun2016,5,1,,1.............,1,
75225,bovine,f,9,24jun2016,2.5,0,,000...........,3,0
75225,bovine,f,9,25nov2016,2.9219178,0,,000...........,3,0
75225,bovine,f,9,20jan2017,3.0753425,0,,000...........,3,0
81114,bovine,f,9,02mar2017,3,1,20,...1..........,1,
40618,bovine,m,9,24jun2016,4,1,20,1.............,1,
40584,bovine,f,9,24jun2016,6,1,20,1.............,1,
40585,bovine,f,9,24jun2016,3,0,,0.1...........,2,1
40585,bovine,f,9,20jan2017,3.5753425,1,40,0.1...........,2,1
40574,bovine,f,9,24jun2016,5,1,,1.............,1,
40575,bovine,f,9,24jun2016,2.5,0,,0.............,1,
40577,bovine,f,9,24jun2016,8,0,,0.............,1,
39601,bovine,f,9,24jun2016,7,1,,111...........,3,
39601,bovine,f,9,25nov2016,7.4219178,1,160,111...........,3,
39601,bovine,f,9,20jan2017,7.5753425,1,40,111...........,3,
39603,bovine,f,9,24jun2016,4,1,20,1.............,1,
39604,bovine,f,9,24jun2016,4,1,,1.............,1,
39889,bovine,f,9,24jun2016,8,0,,00000.........,5,0
39889,bovine,f,9,25nov2016,8.4219178,0,,00000.........,5,0
39889,bovine,f,9,20jan2017,8.5753425,0,,00000.........,5,0
39889,bovine,f,9,02mar2017,8.6876712,0,,00000.........,5,0
39889,bovine,f,9,24mar2017,8.7479452,0,,00000.........,5,0
39890,bovine,f,9,24jun2016,2,0,,00..1.........,3,1
39890,bovine,f,9,25nov2016,2.4219178,0,,00..1.........,3,1
39890,bovine,f,9,24mar2017,2.7479452,1,80,00..1.........,3,1
40980,bovine,f,9,24jun2016,6,1,30,1.............,1,
40982,bovine,f,9,24jun2016,6,0,,00............,2,0
40982,bovine,f,9,25nov2016,6.4219178,0,,00............,2,0
39894,bovine,f,9,24jun2016,4,1,20,1.............,1,
39897,bovine,f,9,24jun2016,6,1,,1.............,1,
no tag 1s,bovine,m,9,24jun2016,2,0,,001...........,3,1
no tag 1s,bovine,m,9,25nov2016,2.4219178,0,,001...........,3,1
no tag 1s,bovine,m,9,20jan2017,2.5753425,1,10,001...........,3,1
40800,bovine,f,9,02mar2017,5,1,10,...1..........,1,
40803,bovine,f,9,02mar2017,4,0,,...0..........,1,
40677,bovine,f,9,24jun2016,8,1,,1...1.........,2,
40677,bovine,f,9,24mar2017,8.7479452,1,640,1...1.........,2,
40680,bovine,f,9,24jun2016,5,1,640,1.............,1,
39763,bovine,f,9,24jun2016,5,1,640,1.............,1,
39770,bovine,m,9,24jun2016,3,1,,1.............,1,
39788,bovine,f,9,24jun2016,2,1,20,1.............,1,
39792,bovine,f,9,24jun2016,4,0,,0.01..........,3,1
39792,bovine,f,9,20jan2017,4.5753425,0,,0.01..........,3,1
39792,bovine,f,9,02mar2017,4.6876712,1,20,0.01..........,3,1
39701,bovine,f,9,24jun2016,6,0,,0.000.........,4,0
39701,bovine,f,9,20jan2017,6.5753425,0,,0.000.........,4,0
39701,bovine,f,9,02mar2017,6.6876712,0,,0.000.........,4,0
39701,bovine,f,9,24mar2017,6.7479452,0,,0.000.........,4,0
39705,bovine,f,9,24jun2016,4,0,,0.............,1,
39706,bovine,f,9,24jun2016,6,0,,0..01.........,3,1
39706,bovine,f,9,02mar2017,6.6876712,0,,0..01.........,3,1
39706,bovine,f,9,24mar2017,6.7479452,1,14,0..01.........,3,1
39720,bovine,f,9,24jun2016,4,1,20,1.............,1,
39921,bovine,f,9,24jun2016,8,0,,00011.........,5,1
39921,bovine,f,9,25nov2016,8.4219178,0,,00011.........,5,1
39921,bovine,f,9,20jan2017,8.5753425,0,,00011.........,5,1
39921,bovine,f,9,02mar2017,8.6876712,1,10,00011.........,5,1
39921,bovine,f,9,24mar2017,8.7479452,1,20,00011.........,5,1
39922,bovine,f,9,24jun2016,5,1,,1.............,1,
40863,bovine,f,9,24jun2016,6,0,,011...........,3,1
40863,bovine,f,9,25nov2016,6.4219178,1,10,011...........,3,1
40863,bovine,f,9,20jan2017,6.5753425,1,20,011...........,3,1
29924,bovine,,9,02mar2018,,0,,...........0.0,2,0
29924,bovine,,9,13jun2018,,0,,...........0.0,2,0
39749,bovine,f,9,24jun2016,2,0,,0.............,1,
39934,bovine,m,9,24jun2016,5,0,,0.0..0000.....,6,0
39934,bovine,m,9,20jan2017,5.5753425,0,,0.0..0000.....,6,0
39934,bovine,m,9,28apr2017,5.8438356,0,,0.0..0000.....,6,0
39934,bovine,m,9,23jun2017,5.9972603,0,,0.0..0000.....,6,0
39934,bovine,m,9,24aug2017,6.1671233,0,,0.0..0000.....,6,0
39934,bovine,m,9,27oct2017,6.3424658,0,,0.0..0000.....,6,0
39935,bovine,m,9,24jun2016,6,0,0,0....0000..000,8,0
39935,bovine,m,9,28apr2017,6.8438356,0,,0....0000..000,8,0
39935,bovine,m,9,23jun2017,6.9972603,0,,0....0000..000,8,0
39935,bovine,m,9,24aug2017,7.1671233,0,,0....0000..000,8,0
39935,bovine,m,9,27oct2017,7.3424658,0,,0....0000..000,8,0
39935,bovine,m,9,02mar2018,7.6876712,0,,0....0000..000,8,0
39935,bovine,m,9,10apr2018,7.7945205,0,,0....0000..000,8,0
39935,bovine,m,9,13jun2018,7.969863,0,,0....0000..000,8,0
39936,bovine,f,9,28apr2017,5,0,,.....0000....0,5,0
39936,bovine,f,9,23jun2017,5.1534247,0,,.....0000....0,5,0
39936,bovine,f,9,24aug2017,5.3232877,0,,.....0000....0,5,0
39936,bovine,f,9,27oct2017,5.4986301,0,,.....0000....0,5,0
39936,bovine,f,9,13jun2018,6.1260274,0,,.....0000....0,5,0
39940,bovine,m,9,28apr2017,5,1,80,.....11.......,2,
39940,bovine,m,9,23jun2017,5.1534247,1,640,.....11.......,2,
39944,bovine,m,9,24jun2016,4,0,,00.1..0.......,4,1
39944,bovine,m,9,25nov2016,4.4219178,0,,00.1..0.......,4,1
39944,bovine,m,9,02mar2017,4.6876712,1,80,00.1..0.......,4,1
39944,bovine,m,9,23jun2017,4.9972603,0,,00.1..0.......,4,1
39949,bovine,f,9,28apr2017,2,0,,.....001......,3,1
39949,bovine,f,9,23jun2017,2.1534247,0,,.....001......,3,1
39949,bovine,f,9,24aug2017,2.3232877,1,20,.....001......,3,1
39963,bovine,,9,02mar2018,,0,,...........0..,1,
40004,bovine,f,9,28apr2017,2,0,,.....0000..000,7,0
40004,bovine,f,9,23jun2017,2.1534247,0,,.....0000..000,7,0
40004,bovine,f,9,24aug2017,2.3232877,0,,.....0000..000,7,0
40004,bovine,f,9,27oct2017,2.4986301,0,,.....0000..000,7,0
40004,bovine,f,9,02mar2018,2.8438356,0,,.....0000..000,7,0
40004,bovine,f,9,13apr2018,2.9589041,0,,.....0000..000,7,0
40004,bovine,f,9,13jun2018,3.1260274,0,,.....0000..000,7,0
40007,bovine,f,9,28apr2017,3,1,40,.....1......1.,2,
40007,bovine,f,9,13apr2018,3.9589041,1,640,.....1......1.,2,
40008,bovine,m,9,28apr2017,2,0,,.....00.......,2,0
40008,bovine,m,9,23jun2017,2.1534247,0,,.....00.......,2,0
40012,bovine,f,9,28apr2017,3,0,,.....0000..000,7,0
40012,bovine,f,9,23jun2017,3.1534247,0,,.....0000..000,7,0
40012,bovine,f,9,24aug2017,3.3232877,0,,.....0000..000,7,0
40012,bovine,f,9,27oct2017,3.4986301,0,,.....0000..000,7,0
40012,bovine,f,9,02mar2018,3.8438356,0,,.....0000..000,7,0
40012,bovine,f,9,13apr2018,3.9589041,0,,.....0000..000,7,0
40012,bovine,f,9,13jun2018,4.1260274,0,,.....0000..000,7,0
40013,bovine,f,9,28apr2017,3,0,,.....0........,1,
40016,bovine,m,9,28apr2017,2,0,,.....0000.....,4,0
40016,bovine,m,9,23jun2017,2.1534247,0,,.....0000.....,4,0
40016,bovine,m,9,24aug2017,2.3232877,0,,.....0000.....,4,0
40016,bovine,m,9,27oct2017,2.4986301,0,,.....0000.....,4,0
40019,bovine,f,9,28apr2017,3,1,40,.....1......1.,2,
40019,bovine,f,9,13apr2018,3.9589041,1,640,.....1......1.,2,
40021,bovine,m,9,28apr2017,3,0,,.....00.......,2,0
40021,bovine,m,9,23jun2017,3.1534247,0,,.....00.......,2,0
40023,bovine,f,9,28apr2017,2,1,640,.....11.......,2,
40023,bovine,f,9,23jun2017,2.1534247,1,640,.....11.......,2,
40027,bovine,f,9,28apr2017,3,0,,.....000...000,6,0
40027,bovine,f,9,23jun2017,3.1534247,0,,.....000...000,6,0
40027,bovine,f,9,24aug2017,3.3232877,0,,.....000...000,6,0
40027,bovine,f,9,02mar2018,3.8438356,0,,.....000...000,6,0
40027,bovine,f,9,13apr2018,3.9589041,0,,.....000...000,6,0
40027,bovine,f,9,13jun2018,4.1260274,0,,.....000...000,6,0
40028,bovine,f,9,28apr2017,3,1,10,.....11.......,2,
40028,bovine,f,9,23jun2017,3.1534247,1,160,.....11.......,2,
40029,bovine,m,9,28apr2017,1.8,1,10,.....11.......,2,
40029,bovine,m,9,23jun2017,1.9534247,1,80,.....11.......,2,
40030,bovine,f,9,28apr2017,2.5,0,,.....00.0..01.,5,1
40030,bovine,f,9,23jun2017,2.6534247,0,,.....00.0..01.,5,1
40030,bovine,f,9,27oct2017,2.9986301,0,,.....00.0..01.,5,1
40030,bovine,f,9,02mar2018,3.3438356,0,,.....00.0..01.,5,1
40030,bovine,f,9,13apr2018,3.4589041,1,10,.....00.0..01.,5,1
40031,bovine,f,9,28apr2017,4,1,20,.....1........,1,
40034,bovine,f,9,28apr2017,2,0,,.....00.0..000,6,0
40034,bovine,f,9,23jun2017,2.1534247,0,,.....00.0..000,6,0
40034,bovine,f,9,27oct2017,2.4986301,0,,.....00.0..000,6,0
40034,bovine,f,9,02mar2018,2.8438356,0,,.....00.0..000,6,0
40034,bovine,f,9,13apr2018,2.9589041,0,,.....00.0..000,6,0
40034,bovine,f,9,13jun2018,3.1260274,0,,.....00.0..000,6,0
40036,bovine,f,9,28apr2017,3,0,,.....0000.....,4,0
40036,bovine,f,9,23jun2017,3.1534247,0,,.....0000.....,4,0
40036,bovine,f,9,24aug2017,3.3232877,0,,.....0000.....,4,0
40036,bovine,f,9,27oct2017,3.4986301,0,,.....0000.....,4,0
40039,bovine,f,9,28apr2017,2,0,,.....0000.....,4,0
40039,bovine,f,9,23jun2017,2.1534247,0,,.....0000.....,4,0
40039,bovine,f,9,24aug2017,2.3232877,0,,.....0000.....,4,0
40039,bovine,f,9,27oct2017,2.4986301,0,,.....0000.....,4,0
40042,bovine,m,9,28apr2017,2.5,0,,.....0000.....,4,0
40042,bovine,m,9,23jun2017,2.6534247,0,,.....0000.....,4,0
40042,bovine,m,9,24aug2017,2.8232877,0,,.....0000.....,4,0
40042,bovine,m,9,27oct2017,2.9986301,0,,.....0000.....,4,0
40043,bovine,f,9,28apr2017,2,0,,.....000...00.,5,0
40043,bovine,f,9,23jun2017,2.1534247,0,,.....000...00.,5,0
40043,bovine,f,9,24aug2017,2.3232877,0,,.....000...00.,5,0
40043,bovine,f,9,02mar2018,2.8438356,0,,.....000...00.,5,0
40043,bovine,f,9,13apr2018,2.9589041,0,,.....000...00.,5,0
40047,bovine,f,9,28apr2017,2,0,,.....000......,3,0
40047,bovine,f,9,23jun2017,2.1534247,0,,.....000......,3,0
40047,bovine,f,9,24aug2017,2.3232877,0,,.....000......,3,0
40922,bovine,f,9,28apr2017,2.5,0,,.....0000..00.,6,0
40922,bovine,f,9,23jun2017,2.6534247,0,,.....0000..00.,6,0
40922,bovine,f,9,24aug2017,2.8232877,0,,.....0000..00.,6,0
40922,bovine,f,9,27oct2017,2.9986301,0,,.....0000..00.,6,0
40922,bovine,f,9,02mar2018,3.3438356,0,,.....0000..00.,6,0
40922,bovine,f,9,13apr2018,3.4589041,0,,.....0000..00.,6,0
71244,bovine,m,9,28apr2017,3.5,0,,.....00.0.....,3,0
71244,bovine,m,9,23jun2017,3.6534247,0,,.....00.0.....,3,0
71244,bovine,m,9,27oct2017,3.9986301,0,,.....00.0.....,3,0
Not tagged yet,bovine,f,9,28apr2017,.6666667,0,,.....0........,1,
39981,bovine,f,9,24jun2016,3,1,,1.............,1,
39987,bovine,m,9,24jun2016,6,1,10,1.............,1,
40906,bovine,f,9,24jun2016,9,1,10,1.............,1,
40907,bovine,m,9,24jun2016,4,0,,001...........,3,1
40907,bovine,m,9,25nov2016,4.4219178,0,,001...........,3,1
40907,bovine,m,9,20jan2017,4.5753425,1,40,001...........,3,1
no tag 2s,bovine,m,9,24jun2016,2,0,,00............,2,0
no tag 2s,bovine,m,9,25nov2016,2.4219178,0,,00............,2,0
39555,bovine,f,9,24jun2016,5,1,320,1.............,1,
39558,bovine,f,9,24jun2016,4,1,,1.............,1,
40810,bovine,f,9,02mar2017,9,1,10,...11.........,2,
40810,bovine,f,9,24mar2017,9.060274,1,10,...11.........,2,
39821,bovine,f,9,24jun2016,2,0,,0.1.1.........,3,1
39821,bovine,f,9,20jan2017,2.5753425,1,10,0.1.1.........,3,1
39821,bovine,f,9,24mar2017,2.7479452,1,80,0.1.1.........,3,1
39829,bovine,f,9,24jun2016,2,1,14,1.............,1,
